region,f_low,f_high,bandwidth,spectral_energy,mean_amplitude,max_amplitude,rms,std,kurtosis,label
0.0-1001.0,0.0,1001.0,1001.0,0.41972242451244673,0.0010843958404937093,0.1613713508073247,0.4666450791355593,0.46458728040978614,2.990247964482851,0
1001.0-1622.4,1001.0,1622.3875732421873,621.3875732421873,0.41972242451244673,0.0010843958404937093,0.1613713508073247,0.07343254266078893,0.07343254265867143,2.9993134901921095,0
1622.4-2853.7,1622.3875732421873,2853.6811218261714,1231.2935485839841,0.41972242451244673,0.0010843958404937093,0.1613713508073247,0.02273107411047664,0.022731074048091084,3.031246294423481,0
2853.7-3922.1,2853.6811218261714,3922.0591125488277,1068.3779907226562,0.41972242451244673,0.0010843958404937093,0.1613713508073247,0.3220930488790302,0.32209304885036805,3.1626940588002497,1
3922.1-7920.5,3922.0591125488277,7920.499999999999,3998.4408874511714,0.41972242451244673,0.0010843958404937093,0.1613713508073247,0.06133769823598872,0.06133769821870187,3.0799150422887878,0
