region,f_low,f_high,bandwidth,spectral_energy,mean_amplitude,max_amplitude,rms,std,kurtosis,label
0.0-1001.0,0.0,1001.0,1001.0,0.053988890772671994,0.0002494899822658598,0.04786298700397554,0.26270024204526093,0.261202087252314,3.2839109920284724,0
1001.0-2349.6,1001.0,2349.55224609375,1348.55224609375,0.053988890772671994,0.0002494899822658598,0.04786298700397554,0.16922536984709985,0.1692253698462633,29.13999464829381,1
2349.6-6003.3,2349.55224609375,6003.3134765625,3653.76123046875,0.053988890772671994,0.0002494899822658598,0.04786298700397554,0.016291425895798933,0.01629142589212322,18.43337378623873,0
6003.3-6330.8,6003.3134765625,6330.8477783203125,327.5343017578125,0.053988890772671994,0.0002494899822658598,0.04786298700397554,0.013421830019257223,0.013421830015750995,3.564405642071798,0
6330.8-8094.0,6330.8477783203125,8094.0,1763.1522216796875,0.053988890772671994,0.0002494899822658598,0.04786298700397554,0.004850735507250275,0.004850735506503486,3.3694426706577216,0
