region,f_low,f_high,bandwidth,spectral_energy,mean_amplitude,max_amplitude,rms,std,kurtosis,label
0.0-1001.0,0.0,1001.0,1001.0,8.976427521766984,0.004603951429047787,1.2844895470483961,0.4663784675043139,0.45871213131182126,4.020783621361885,0
1001.0-2445.9,1001.0,2445.8858642578125,1444.8858642578125,8.976427521766984,0.004603951429047787,1.2844895470483961,0.3104860526699178,0.31048605252318295,2.255515278588657,0
2445.9-2887.0,2445.8858642578125,2887.04443359375,441.1585693359375,8.976427521766984,0.004603951429047787,1.2844895470483961,0.08962932381728671,0.08962932374476344,2.9010626188725905,0
2887.0-4579.6,2887.04443359375,4579.552001953125,1692.507568359375,8.976427521766984,0.004603951429047787,1.2844895470483961,1.9923834565206613,1.9923834514521346,2.811946039994555,1
4579.6-8094.0,4579.552001953125,8094.0,3514.447998046875,8.976427521766984,0.004603951429047787,1.2844895470483961,0.25019023627797293,0.25019023601473916,2.9728780477309287,0
