region,f_low,f_high,bandwidth,spectral_energy,mean_amplitude,max_amplitude,rms,std,kurtosis,label
0.0-1001.0,0.0,1001.0,1001.0,73.88926572469974,0.010658803912213367,2.9372328168852535,0.7771411952393416,0.7731352670096567,3.423993574524889,0
1001.0-1569.6,1001.0,1569.6161804199214,568.6161804199214,73.88926572469974,0.010658803912213367,2.9372328168852535,0.2748058326696555,0.27480583231170047,1.7727422190907383,0
1569.6-3378.1,1569.6161804199214,3378.0765075683585,1808.460327148437,73.88926572469974,0.010658803912213367,2.9372328168852535,0.6675960177505613,0.6675960176291816,3.1004146179834327,0
3378.1-4757.1,3378.0765075683585,4757.099884033202,1379.0233764648438,73.88926572469974,0.010658803912213367,2.9372328168852535,5.853913961051132,5.8539139599772,2.5838353864982313,1
4757.1-7905.5,4757.099884033202,7905.499999999998,3148.400115966796,73.88926572469974,0.010658803912213367,2.9372328168852535,0.964978113126008,0.9649781130782925,2.6781475640089485,0
