region,f_low,f_high,bandwidth,spectral_energy,mean_amplitude,max_amplitude,rms,std,kurtosis,label
0.0-1001.0,0.0,1001.0,1001.0,3.0218147156612307,0.0031374447381620372,0.2984763896124423,0.7560061391010906,0.7508767458722563,3.2898480366914713,0
1001.0-1623.9,1001.0,1623.9466552734375,622.9466552734375,3.0218147156612307,0.0031374447381620372,0.2984763896124423,0.223130611929349,0.2231306119005012,2.807522664711019,0
1623.9-2010.9,1623.9466552734375,2010.9065551757812,386.95989990234375,3.0218147156612307,0.0031374447381620372,0.2984763896124423,0.0887674623140351,0.08876746230197356,2.8251529772658377,0
2010.9-2647.4,2010.9065551757812,2647.4382934570312,636.53173828125,3.0218147156612307,0.0031374447381620372,0.2984763896124423,0.7596989016837123,0.7596989001023634,2.910744850744412,1
2647.4-3088.8,2647.4382934570312,3088.7603759765625,441.32208251953125,3.0218147156612307,0.0031374447381620372,0.2984763896124423,0.10784333439094004,0.10784333438901877,2.334265296920617,0
3088.8-3979.8,3088.7603759765625,3979.8059692382812,891.0455932617188,3.0218147156612307,0.0031374447381620372,0.2984763896124423,0.857741042590167,0.8577410421528113,3.054056989558664,1
3979.8-8097.0,3979.8059692382812,8097.0,4117.194030761719,3.0218147156612307,0.0031374447381620372,0.2984763896124423,0.1961846509491304,0.19618465086926318,3.10917882499459,0
