region,f_low,f_high,bandwidth,spectral_energy,mean_amplitude,max_amplitude,rms,std,kurtosis,label
0.0-1001.0,0.0,1001.0,1001.0,4.831642352062135,0.003704195473936521,0.43039365662083273,0.7989611280444161,0.796923616575012,3.0842706865671285,0
1001.0-1530.0,1001.0,1530.0384521484377,529.0384521484377,4.831642352062135,0.003704195473936521,0.43039365662083273,0.21137726346451602,0.21137726343852076,1.682459204603678,0
1530.0-2357.2,1530.0384521484377,2357.2463378906255,827.2078857421877,4.831642352062135,0.003704195473936521,0.43039365662083273,0.16025399457369408,0.16025399456250922,2.93434285490666,0
2357.2-2895.7,2357.2463378906255,2895.7211608886723,538.4748229980469,4.831642352062135,0.003704195473936521,0.43039365662083273,1.1514757380316738,1.151475737175498,2.7670172399457913,1
2895.7-3250.1,2895.7211608886723,3250.097808837891,354.37664794921875,4.831642352062135,0.003704195473936521,0.43039365662083273,0.1752703481992579,0.17527034818534717,2.701562655952628,0
3250.1-4708.6,3250.097808837891,4708.569946289063,1458.4721374511723,4.831642352062135,0.003704195473936521,0.43039365662083273,0.8588874022958859,0.8588874022839994,2.9774484058154878,1
4708.6-8086.5,4708.569946289063,8086.500000000001,3377.9300537109375,4.831642352062135,0.003704195473936521,0.43039365662083273,0.2096845367835973,0.20968453675086407,2.949268635200196,0
