region,f_low,f_high,bandwidth,spectral_energy,mean_amplitude,max_amplitude,rms,std,kurtosis,label
0.0-1001.0,0.0,1001.0,1001.0,2.129320402400746,0.002660166470816386,0.2554213643561756,0.6202712255620683,0.6139986896615557,3.7750260076577935,0
1001.0-1634.5,1001.0,1634.512939453125,633.512939453125,2.129320402400746,0.002660166470816386,0.2554213643561756,0.09166139708452418,0.09166139645838486,2.0557354930133567,0
1634.5-2338.4,1634.512939453125,2338.38427734375,703.871337890625,2.129320402400746,0.002660166470816386,0.2554213643561756,0.1767832712846626,0.17678327094789636,2.5787481016123377,0
2338.4-2648.6,2338.38427734375,2648.59814453125,310.2138671875,2.129320402400746,0.002660166470816386,0.2554213643561756,0.24409736617849317,0.2440973656632689,2.847653022642097,0
2648.6-3143.9,2648.59814453125,3143.8604736328125,495.2623291015625,2.129320402400746,0.002660166470816386,0.2554213643561756,0.13418045610134166,0.13418045602402778,2.1673323592355107,0
3143.9-4351.8,3143.8604736328125,4351.829345703125,1207.9688720703125,2.129320402400746,0.002660166470816386,0.2554213643561756,0.9539492232716323,0.9539492231972213,3.475388868513143,1
4351.8-8042.0,4351.829345703125,8042.0,3690.170654296875,2.129320402400746,0.002660166470816386,0.2554213643561756,0.16977583720786307,0.1697758371989938,3.3113669567057897,0
