region,f_low,f_high,bandwidth,spectral_energy,mean_amplitude,max_amplitude,rms,std,kurtosis,label
0.0-1001.0,0.0,1001.0,1001.0,7.885862037723773,0.004287858802668695,0.547689819897042,0.7405339312311499,0.7395265506760423,2.7836897199655697,0
1001.0-1503.5,1001.0,1503.511840820312,502.51184082031205,7.885862037723773,0.004287858802668695,0.547689819897042,0.02150762382041783,0.021507623660432244,1.5002971225451436,0
1503.5-4686.7,1503.511840820312,4686.6529235839835,3183.1410827636714,7.885862037723773,0.004287858802668695,0.547689819897042,0.38498289632994503,0.3849828962664017,2.74058776356502,0
4686.7-5658.9,4686.6529235839835,5658.917480468749,972.2645568847656,7.885862037723773,0.004287858802668695,0.547689819897042,1.8584771541883043,1.858477152713528,2.62528749828953,1
5658.9-7905.5,5658.917480468749,7905.499999999998,2246.582519531249,7.885862037723773,0.004287858802668695,0.547689819897042,0.3094607695656712,0.3094607694023833,2.767409257727687,0
