region,f_low,f_high,bandwidth,spectral_energy,mean_amplitude,max_amplitude,rms,std,kurtosis,label
0.0-1001.0,0.0,1001.0,1001.0,0.9961144908993076,0.001421106712582748,0.4699479462039214,0.6645880307305803,0.6620858364892772,2.781951778943161,0
1001.0-1636.6,1001.0,1636.6302490234375,635.6302490234375,0.9961144908993076,0.001421106712582748,0.4699479462039214,0.11499717441397944,0.11499717374328501,2.176107855150708,0
1636.6-2493.5,1636.6302490234375,2493.5150146484375,856.884765625,0.9961144908993076,0.001421106712582748,0.4699479462039214,0.1921507897247822,0.19215078972014646,2.5759322537453415,0
2493.5-3551.8,2493.5150146484375,3551.8463134765625,1058.331298828125,0.9961144908993076,0.001421106712582748,0.4699479462039214,0.46116355562009365,0.46116355548608023,3.1743096447158097,1
3551.8-8050.0,3551.8463134765625,8050.0,4498.1536865234375,0.9961144908993076,0.001421106712582748,0.4699479462039214,0.19220133314235224,0.19220133312480303,2.6429591763399953,0
