region,f_low,f_high,bandwidth,spectral_energy,mean_amplitude,max_amplitude,rms,std,kurtosis,label
0.0-1001.0,0.0,1001.0,1001.0,14.691423614570436,0.007061933529181307,0.31554662984309895,0.7411399245604428,0.7407444646064536,3.8916231806126445,0
1001.0-1516.1,1001.0,1516.080322265625,515.080322265625,14.691423614570436,0.007061933529181307,0.31554662984309895,0.09592346534650112,0.09592346510248684,1.5000369700462766,0
1516.1-3095.7,1516.080322265625,3095.7000732421875,1579.6197509765625,14.691423614570436,0.007061933529181307,0.31554662984309895,0.29192451344374887,0.29192451320516705,3.1233476003725187,0
3095.7-4196.6,3095.7000732421875,4196.5576171875,1100.8575439453125,14.691423614570436,0.007061933529181307,0.31554662984309895,2.654777668653825,2.6547776683771453,3.267797149230116,1
4196.6-8070.0,4196.5576171875,8070.0,3873.4423828125,14.691423614570436,0.007061933529181307,0.31554662984309895,0.4812454110677285,0.48124541088962774,3.0777623990596976,0
