region,f_low,f_high,bandwidth,spectral_energy,mean_amplitude,max_amplitude,rms,std,kurtosis,label
0.0-1001.0,0.0,1001.0,1001.0,2.7381956448550606,0.003014653495753732,0.19930619575013211,0.7075119547267595,0.7046004775959873,3.317362076616582,0
1001.0-1494.4,1001.0,1494.373229980469,493.373229980469,2.7381956448550606,0.003014653495753732,0.19930619575013211,0.07765027348310788,0.07765027338298461,2.0560648164873374,0
1494.4-2256.3,1494.373229980469,2256.305358886719,761.9321289062502,2.7381956448550606,0.003014653495753732,0.19930619575013211,0.1117654171106312,0.1117654170319474,2.9224059825878976,0
2256.3-2866.9,2256.305358886719,2866.914672851563,610.6093139648438,2.7381956448550606,0.003014653495753732,0.19930619575013211,0.7009030432347538,0.7009030366591944,3.0183735103131544,1
2866.9-3326.7,2866.914672851563,3326.6846313476567,459.76995849609375,2.7381956448550606,0.003014653495753732,0.19930619575013211,0.296097135886175,0.29609713585791836,2.5390146709331702,0
3326.7-4275.2,3326.6846313476567,4275.23211669922,948.547485351563,2.7381956448550606,0.003014653495753732,0.19930619575013211,0.8305052519133478,0.83050525185238,2.9517536548930514,1
4275.2-7921.0,4275.23211669922,7921.000000000001,3645.7678833007812,2.7381956448550606,0.003014653495753732,0.19930619575013211,0.21249732518093184,0.21249732517410572,2.944090443848109,0
