region,f_low,f_high,bandwidth,spectral_energy,mean_amplitude,max_amplitude,rms,std,kurtosis,label
0.0-1001.0,0.0,1001.0,1001.0,1.487817016535184,0.0013339299688944302,0.7616549739625295,1.2206019333475173,1.2151546313363306,2.953744891220974,0
1001.0-1732.0,1001.0,1731.978332519531,730.978332519531,1.487817016535184,0.0013339299688944302,0.7616549739625295,0.10993387547220163,0.10993387494119042,2.9040775327505037,0
1732.0-1909.2,1731.978332519531,1909.172668457031,177.1943359375,1.487817016535184,0.0013339299688944302,0.7616549739625295,0.026659082563927343,0.026659082563878004,2.2560271510874133,0
1909.2-2509.1,1909.172668457031,2509.1295776367183,599.9569091796873,1.487817016535184,0.0013339299688944302,0.7616549739625295,0.20717008266674053,0.20717008257581934,3.2062348546710795,0
2509.1-2935.7,2509.1295776367183,2935.744201660156,426.6146240234375,1.487817016535184,0.0013339299688944302,0.7616549739625295,0.12139573269746462,0.12139573268492403,2.723686802509969,0
2935.7-3515.0,2935.744201660156,3514.9963378906245,579.2521362304688,1.487817016535184,0.0013339299688944302,0.7616549739625295,0.27053825204661963,0.270538252035768,3.087543336073768,1
3515.0-7889.0,3514.9963378906245,7888.999999999999,4374.003662109375,1.487817016535184,0.0013339299688944302,0.7616549739625295,0.09383940676629549,0.0938394067659593,3.117803624840611,0
