region,f_low,f_high,bandwidth,spectral_energy,mean_amplitude,max_amplitude,rms,std,kurtosis,label
0.0-1001.0,0.0,1001.0,1001.0,1.7489003415091837,0.0017554706397966656,0.38126268546242303,0.6484467315782322,0.6479384414157082,2.999780813684172,0
1001.0-2602.5,1001.0,2602.541809082031,1601.5418090820308,1.7489003415091837,0.0017554706397966656,0.38126268546242303,0.3340611029773059,0.3340611024736285,2.883825037842362,0
2602.5-8060.5,2602.541809082031,8060.499999999999,5457.958190917969,1.7489003415091837,0.0017554706397966656,0.38126268546242303,0.001594216592637721,0.001594216588482855,2.6899252824957665,0
