region,f_low,f_high,bandwidth,spectral_energy,mean_amplitude,max_amplitude,rms,std,kurtosis,label
0.0-1001.0,0.0,1001.0,1001.0,0.681053719942935,0.0013438067917894113,0.13809028968018394,0.4928900391036169,0.48953737356959154,3.4432969181014794,0
1001.0-1526.2,1001.0,1526.15966796875,525.15966796875,0.681053719942935,0.0013438067917894113,0.13809028968018394,0.03438319102419646,0.03438319088053497,2.968059518437869,0
1526.2-2963.7,1526.15966796875,2963.70361328125,1437.5439453125,0.681053719942935,0.0013438067917894113,0.13809028968018394,0.04812939226551564,0.04812939224388128,3.1283540829087064,0
2963.7-4459.3,2963.70361328125,4459.340087890625,1495.636474609375,0.681053719942935,0.0013438067917894113,0.13809028968018394,0.5610277801624647,0.5610277799842066,2.985328996633437,1
4459.3-8066.0,4459.340087890625,8066.0,3606.659912109375,0.681053719942935,0.0013438067917894113,0.13809028968018394,0.0770067348944482,0.07700673485322011,3.08683292810215,0
